TenureGroup_Num,ChurnRate,CustomerCount
1,0.5680304471931494,1051
2,0.44630071599045346,419
3,0.3588652482269504,705
4,0.287109375,1024
5,0.14036003130707017,3833
